id;crediteur;debiteur;methode
1;Developer THX;Handcrafted Frozen Gloves;leverage
2;Engineer Cambridgeshire;fault-tolerant Bedfordshire;azure experiences cutting-edge
3;Principal Fords Markets;schemas;synthesizing haptic
4;program Team-oriented;Music Investor;Team-oriented Yemeni Rial Intelligent Granite Salad
5;regional e-enable;Forward sexy Officer;Savings Account Indiana
6;Shoes even-keeled;Ergonomic Concrete Bacon;index Dynamic Identity
7;project internet solution synergies;Buckinghamshire copy Practical Cotton Salad;Books Cuban Peso Peso Convertible Chile
8;Dynamic;multi-byte indexing;Small Wooden Pants Intelligent Steel Computer
9;Data;Security secondary navigating;function definition
10;Slovakia (Slovak Republic);digital sensor Small Steel Pants;bandwidth scalable
